{
    "timestamp": {
        "min": [
            0.0
        ],
        "max": [
            6.0
        ],
        "mean": [
            2.599009900990099
        ],
        "std": [
            1.6171570855998905
        ],
        "count": [
            202
        ],
        "q01": [
            0.029622237524749784
        ],
        "q10": [
            0.5199059405140634
        ],
        "q50": [
            2.5995297029703175
        ],
        "q90": [
            4.678113861466135
        ],
        "q99": [
            5.168137722871276
        ]
    },
    "action": {
        "min": [
            -1.058160662651062,
            1.2975300550460815,
            -2.6966543197631836,
            -1.7673311233520508,
            0.0011717798188328743,
            -1.2290856838226318,
            -2.803921051963698e-05,
            -0.03507188707590103
        ],
        "max": [
            0.2713761031627655,
            2.494110345840454,
            -0.976464569568634,
            0.9824402332305908,
            1.221957802772522,
            1.8415014743804932,
            0.03502252325415611,
            5.691527258022688e-05
        ],
        "mean": [
            -0.21119398217980223,
            1.9786321945709757,
            -1.7908282020304462,
            0.24837956421012705,
            0.9711732404066784,
            -0.157287876241573,
            0.021085194708539708,
            -0.02107674551039639
        ],
        "std": [
            0.37032489636878213,
            0.3493616793677761,
            0.4334973159487917,
            0.5791313410493407,
            0.3172582814746237,
            0.6060812448076864,
            0.015960892717017536,
            0.015944990824727903
        ],
        "count": [
            202
        ],
        "q01": [
            -0.7618009402964375,
            1.4049021746321482,
            -2.345591897805138,
            -0.8008398432365739,
            0.0513643896988925,
            -0.8714821078606171,
            -2.2591493362228047e-06,
            -0.035049972033294116
        ],
        "q10": [
            -0.6710908297117394,
            1.6009319214537592,
            -2.1442773232365595,
            -0.6624934472069881,
            0.6180269294888667,
            -0.7136959380737626,
            2.1863994638716574e-05,
            -0.03499917226308717
        ],
        "q50": [
            -0.11591613543505716,
            1.9832605114667723,
            -1.7711392446319656,
            0.42437958791114316,
            1.0461960775722372,
            -0.2908580814405243,
            0.03267335082118464,
            -0.03268138707458678
        ],
        "q90": [
            0.14743344771980058,
            2.3281008520928945,
            -1.3976300516340994,
            0.6950314139670665,
            1.1647087230639095,
            0.821536514487597,
            0.034996399705362786,
            -2.4185504874970623e-05
        ],
        "q99": [
            0.16569058699533343,
            2.425080131203821,
            -1.1970451265425965,
            0.9228086805284614,
            1.1801198216397377,
            0.945754990135089,
            0.035009662890862124,
            3.329739120027344e-05
        ]
    },
    "observation.wrist_image": {
        "min": [
            [
                [
                    0.043137254901960784
                ]
            ],
            [
                [
                    0.03137254901960784
                ]
            ],
            [
                [
                    0.03529411764705882
                ]
            ]
        ],
        "max": [
            [
                [
                    1.0
                ]
            ],
            [
                [
                    1.0
                ]
            ],
            [
                [
                    1.0
                ]
            ]
        ],
        "mean": [
            [
                [
                    0.38615393611233123
                ]
            ],
            [
                [
                    0.4233622322334601
                ]
            ],
            [
                [
                    0.49463238150491545
                ]
            ]
        ],
        "std": [
            [
                [
                    0.021916302380549008
                ]
            ],
            [
                [
                    0.02965673381522714
                ]
            ],
            [
                [
                    0.02955962886449164
                ]
            ]
        ],
        "count": [
            181
        ],
        "q01": [
            [
                [
                    0.10666173452136546
                ]
            ],
            [
                [
                    0.0728371100493303
                ]
            ],
            [
                [
                    0.07485065015590926
                ]
            ]
        ],
        "q10": [
            [
                [
                    0.14900611744472697
                ]
            ],
            [
                [
                    0.21543183045223677
                ]
            ],
            [
                [
                    0.26959139958318423
                ]
            ]
        ],
        "q50": [
            [
                [
                    0.28392058358755207
                ]
            ],
            [
                [
                    0.3759953346594548
                ]
            ],
            [
                [
                    0.5152966605790231
                ]
            ]
        ],
        "q90": [
            [
                [
                    0.6820348278324985
                ]
            ],
            [
                [
                    0.664636000905084
                ]
            ],
            [
                [
                    0.675504999677218
                ]
            ]
        ],
        "q99": [
            [
                [
                    0.9922124414711769
                ]
            ],
            [
                [
                    0.7259646527402348
                ]
            ],
            [
                [
                    0.7353349135326136
                ]
            ]
        ]
    },
    "frame_index": {
        "min": [
            0
        ],
        "max": [
            120
        ],
        "mean": [
            51.98019801980198
        ],
        "std": [
            32.3431417119978
        ],
        "count": [
            202
        ],
        "q01": [
            0.592444752376235
        ],
        "q10": [
            10.398118811801192
        ],
        "q50": [
            51.99059405940596
        ],
        "q90": [
            93.56227722780277
        ],
        "q99": [
            103.36275445554453
        ]
    },
    "observation.image": {
        "min": [
            [
                [
                    0.0
                ]
            ],
            [
                [
                    0.0
                ]
            ],
            [
                [
                    0.0
                ]
            ]
        ],
        "max": [
            [
                [
                    1.0
                ]
            ],
            [
                [
                    1.0
                ]
            ],
            [
                [
                    1.0
                ]
            ]
        ],
        "mean": [
            [
                [
                    0.31637318086009436
                ]
            ],
            [
                [
                    0.4377747808552914
                ]
            ],
            [
                [
                    0.5712311941499558
                ]
            ]
        ],